Date,Source,Site ID,POC,Daily Mean PM2.5 Concentration,UNITS,DAILY_AQI_VALUE,Site Name,DAILY_OBS_COUNT,PERCENT_COMPLETE,AQS_PARAMETER_CODE,AQS_PARAMETER_DESC,CBSA_CODE,CBSA_NAME,STATE_CODE,STATE,COUNTY_CODE,COUNTY,SITE_LATITUDE,SITE_LONGITUDE
1/1/22,AQS,360610115,3,10.3,ug/m3 LC,43,Intermediate School 143,1,100,88502,Acceptable PM2.5 AQI & Speciation Mass,35620,"New York-Newark-Jersey City, NY-NJ-PA",36,New York,061,New York,40.84955,-73.935649
1/2/22,AQS,360610115,3,8.8,ug/m3 LC,37,Intermediate School 143,1,100,88502,Acceptable PM2.5 AQI & Speciation Mass,35620,"New York-Newark-Jersey City, NY-NJ-PA",36,New York,061,New York,40.84955,-73.935649
1/3/22,AQS,360610115,3,8.3,ug/m3 LC,35,Intermediate School 143,1,100,88502,Acceptable PM2.5 AQI & Speciation Mass,35620,"New York-Newark-Jersey City, NY-NJ-PA",36,New York,061,New York,40.84955,-73.935649
1/4/22,AQS,360610115,3,10.6,ug/m3 LC,44,Intermediate School 143,1,100,88502,Acceptable PM2.5 AQI & Speciation Mass,35620,"New York-Newark-Jersey City, NY-NJ-PA",36,New York,061,New York,40.84955,-73.935649
1/5/22,AQS,360610115,3,11.4,ug/m3 LC,48,Intermediate School 143,1,100,88502,Acceptable PM2.5 AQI & Speciation Mass,35620,"New York-Newark-Jersey City, NY-NJ-PA",36,New York,061,New York,40.84955,-73.935649
1/6/22,AQS,360610115,3,14.7,ug/m3 LC,56,Intermediate School 143,1,100,88502,Acceptable PM2.5 AQI & Speciation Mass,35620,"New York-Newark-Jersey City, NY-NJ-PA",36,New York,061,New York,40.84955,-73.935649
1/7/22,AQS,360610115,3,13.9,ug/m3 LC,55,Intermediate School 143,1,100,88502,Acceptable PM2.5 AQI & Speciation Mass,35620,"New York-Newark-Jersey City, NY-NJ-PA",36,New York,061,New York,40.84955,-73.935649
1/8/22,AQS,360610115,3,12.1,ug/m3 LC,51,Intermediate School 143,1,100,88502,Acceptable PM2.5 AQI & Speciation Mass,35620,"New York-Newark-Jersey City, NY-NJ-PA",36,New York,061,New York,40.84955,-73.935649
1/9/22,AQS,360610115,3,11.3,ug/m3 LC,47,Intermediate School 143,1,100,88502,Acceptable PM2.5 AQI & Speciation Mass,35620,"New York-Newark-Jersey City, NY-NJ-PA",36,New York,061,New York,40.84955,-73.935649
1/10/22,AQS,360610115,3,12.4,ug/m3 LC,52,Intermediate School 143,1,100,88502,Acceptable PM2.5 AQI & Speciation Mass,35620,"New York-Newark-Jersey City, NY-NJ-PA",36,New York,061,New York,40.84955,-73.935649
1/11/22,AQS,360610115,3,15,ug/m3 LC,57,Intermediate School 143,1,100,88502,Acceptable PM2.5 AQI & Speciation Mass,35620,"New York-Newark-Jersey City, NY-NJ-PA",36,New York,061,New York,40.84955,-73.935649
1/12/22,AQS,360610115,3,13.9,ug/m3 LC,55,Intermediate School 143,1,100,88502,Acceptable PM2.5 AQI & Speciation Mass,35620,"New York-Newark-Jersey City, NY-NJ-PA",36,New York,061,New York,40.84955,-73.935649
1/13/22,AQS,360610115,3,21.8,ug/m3 LC,71,Intermediate School 143,1,100,88502,Acceptable PM2.5 AQI & Speciation Mass,35620,"New York-Newark-Jersey City, NY-NJ-PA",36,New York,061,New York,40.84955,-73.935649
1/14/22,AQS,360610115,3,11.4,ug/m3 LC,48,Intermediate School 143,1,100,88502,Acceptable PM2.5 AQI & Speciation Mass,35620,"New York-Newark-Jersey City, NY-NJ-PA",36,New York,061,New York,40.84955,-73.935649
1/15/22,AQS,360610115,3,11.3,ug/m3 LC,47,Intermediate School 143,1,100,88502,Acceptable PM2.5 AQI & Speciation Mass,35620,"New York-Newark-Jersey City, NY-NJ-PA",36,New York,061,New York,40.84955,-73.935649
1/16/22,AQS,360610115,3,9,ug/m3 LC,38,Intermediate School 143,1,100,88502,Acceptable PM2.5 AQI & Speciation Mass,35620,"New York-Newark-Jersey City, NY-NJ-PA",36,New York,061,New York,40.84955,-73.935649
1/17/22,AQS,360610115,3,8.7,ug/m3 LC,36,Intermediate School 143,1,100,88502,Acceptable PM2.5 AQI & Speciation Mass,35620,"New York-Newark-Jersey City, NY-NJ-PA",36,New York,061,New York,40.84955,-73.935649
1/18/22,AQS,360610115,3,15.3,ug/m3 LC,58,Intermediate School 143,1,100,88502,Acceptable PM2.5 AQI & Speciation Mass,35620,"New York-Newark-Jersey City, NY-NJ-PA",36,New York,061,New York,40.84955,-73.935649
1/19/22,AQS,360610115,3,12.2,ug/m3 LC,51,Intermediate School 143,1,100,88502,Acceptable PM2.5 AQI & Speciation Mass,35620,"New York-Newark-Jersey City, NY-NJ-PA",36,New York,061,New York,40.84955,-73.935649
1/20/22,AQS,360610115,3,12.8,ug/m3 LC,52,Intermediate School 143,1,100,88502,Acceptable PM2.5 AQI & Speciation Mass,35620,"New York-Newark-Jersey City, NY-NJ-PA",36,New York,061,New York,40.84955,-73.935649
1/21/22,AQS,360610115,3,9.3,ug/m3 LC,39,Intermediate School 143,1,100,88502,Acceptable PM2.5 AQI & Speciation Mass,35620,"New York-Newark-Jersey City, NY-NJ-PA",36,New York,061,New York,40.84955,-73.935649
1/22/22,AQS,360610115,3,9.6,ug/m3 LC,40,Intermediate School 143,1,100,88502,Acceptable PM2.5 AQI & Speciation Mass,35620,"New York-Newark-Jersey City, NY-NJ-PA",36,New York,061,New York,40.84955,-73.935649
1/23/22,AQS,360610115,3,13,ug/m3 LC,53,Intermediate School 143,1,100,88502,Acceptable PM2.5 AQI & Speciation Mass,35620,"New York-Newark-Jersey City, NY-NJ-PA",36,New York,061,New York,40.84955,-73.935649
1/24/22,AQS,360610115,3,13.4,ug/m3 LC,54,Intermediate School 143,1,100,88502,Acceptable PM2.5 AQI & Speciation Mass,35620,"New York-Newark-Jersey City, NY-NJ-PA",36,New York,061,New York,40.84955,-73.935649
1/25/22,AQS,360610115,3,16.9,ug/m3 LC,61,Intermediate School 143,1,100,88502,Acceptable PM2.5 AQI & Speciation Mass,35620,"New York-Newark-Jersey City, NY-NJ-PA",36,New York,061,New York,40.84955,-73.935649
1/26/22,AQS,360610115,3,9.8,ug/m3 LC,41,Intermediate School 143,1,100,88502,Acceptable PM2.5 AQI & Speciation Mass,35620,"New York-Newark-Jersey City, NY-NJ-PA",36,New York,061,New York,40.84955,-73.935649
1/27/22,AQS,360610115,3,10.1,ug/m3 LC,42,Intermediate School 143,1,100,88502,Acceptable PM2.5 AQI & Speciation Mass,35620,"New York-Newark-Jersey City, NY-NJ-PA",36,New York,061,New York,40.84955,-73.935649
1/28/22,AQS,360610115,3,16.2,ug/m3 LC,60,Intermediate School 143,1,100,88502,Acceptable PM2.5 AQI & Speciation Mass,35620,"New York-Newark-Jersey City, NY-NJ-PA",36,New York,061,New York,40.84955,-73.935649
1/29/22,AQS,360610115,3,10.1,ug/m3 LC,42,Intermediate School 143,1,100,88502,Acceptable PM2.5 AQI & Speciation Mass,35620,"New York-Newark-Jersey City, NY-NJ-PA",36,New York,061,New York,40.84955,-73.935649
1/30/22,AQS,360610115,3,11.7,ug/m3 LC,49,Intermediate School 143,1,100,88502,Acceptable PM2.5 AQI & Speciation Mass,35620,"New York-Newark-Jersey City, NY-NJ-PA",36,New York,061,New York,40.84955,-73.935649
1/31/22,AQS,360610115,3,14.4,ug/m3 LC,56,Intermediate School 143,1,100,88502,Acceptable PM2.5 AQI & Speciation Mass,35620,"New York-Newark-Jersey City, NY-NJ-PA",36,New York,061,New York,40.84955,-73.935649
2/1/22,AQS,360610115,3,12.4,ug/m3 LC,52,Intermediate School 143,1,100,88502,Acceptable PM2.5 AQI & Speciation Mass,35620,"New York-Newark-Jersey City, NY-NJ-PA",36,New York,061,New York,40.84955,-73.935649
2/2/22,AQS,360610115,3,13.9,ug/m3 LC,55,Intermediate School 143,1,100,88502,Acceptable PM2.5 AQI & Speciation Mass,35620,"New York-Newark-Jersey City, NY-NJ-PA",36,New York,061,New York,40.84955,-73.935649
2/3/22,AQS,360610115,3,11.2,ug/m3 LC,47,Intermediate School 143,1,100,88502,Acceptable PM2.5 AQI & Speciation Mass,35620,"New York-Newark-Jersey City, NY-NJ-PA",36,New York,061,New York,40.84955,-73.935649
2/4/22,AQS,360610115,3,5.9,ug/m3 LC,25,Intermediate School 143,1,100,88502,Acceptable PM2.5 AQI & Speciation Mass,35620,"New York-Newark-Jersey City, NY-NJ-PA",36,New York,061,New York,40.84955,-73.935649
2/5/22,AQS,360610115,3,17.1,ug/m3 LC,62,Intermediate School 143,1,100,88502,Acceptable PM2.5 AQI & Speciation Mass,35620,"New York-Newark-Jersey City, NY-NJ-PA",36,New York,061,New York,40.84955,-73.935649
2/6/22,AQS,360610115,3,7.8,ug/m3 LC,33,Intermediate School 143,1,100,88502,Acceptable PM2.5 AQI & Speciation Mass,35620,"New York-Newark-Jersey City, NY-NJ-PA",36,New York,061,New York,40.84955,-73.935649
2/7/22,AQS,360610115,3,11,ug/m3 LC,46,Intermediate School 143,1,100,88502,Acceptable PM2.5 AQI & Speciation Mass,35620,"New York-Newark-Jersey City, NY-NJ-PA",36,New York,061,New York,40.84955,-73.935649
2/8/22,AQS,360610115,3,10.9,ug/m3 LC,45,Intermediate School 143,1,100,88502,Acceptable PM2.5 AQI & Speciation Mass,35620,"New York-Newark-Jersey City, NY-NJ-PA",36,New York,061,New York,40.84955,-73.935649
2/9/22,AQS,360610115,3,11.7,ug/m3 LC,49,Intermediate School 143,1,100,88502,Acceptable PM2.5 AQI & Speciation Mass,35620,"New York-Newark-Jersey City, NY-NJ-PA",36,New York,061,New York,40.84955,-73.935649
2/10/22,AQS,360610115,3,7.3,ug/m3 LC,30,Intermediate School 143,1,100,88502,Acceptable PM2.5 AQI & Speciation Mass,35620,"New York-Newark-Jersey City, NY-NJ-PA",36,New York,061,New York,40.84955,-73.935649
2/11/22,AQS,360610115,3,10.3,ug/m3 LC,43,Intermediate School 143,1,100,88502,Acceptable PM2.5 AQI & Speciation Mass,35620,"New York-Newark-Jersey City, NY-NJ-PA",36,New York,061,New York,40.84955,-73.935649
2/12/22,AQS,360610115,3,9.6,ug/m3 LC,40,Intermediate School 143,1,100,88502,Acceptable PM2.5 AQI & Speciation Mass,35620,"New York-Newark-Jersey City, NY-NJ-PA",36,New York,061,New York,40.84955,-73.935649
2/13/22,AQS,360610115,3,7.2,ug/m3 LC,30,Intermediate School 143,1,100,88502,Acceptable PM2.5 AQI & Speciation Mass,35620,"New York-Newark-Jersey City, NY-NJ-PA",36,New York,061,New York,40.84955,-73.935649
2/14/22,AQS,360610115,3,12.5,ug/m3 LC,52,Intermediate School 143,1,100,88502,Acceptable PM2.5 AQI & Speciation Mass,35620,"New York-Newark-Jersey City, NY-NJ-PA",36,New York,061,New York,40.84955,-73.935649
2/15/22,AQS,360610115,3,11.7,ug/m3 LC,49,Intermediate School 143,1,100,88502,Acceptable PM2.5 AQI & Speciation Mass,35620,"New York-Newark-Jersey City, NY-NJ-PA",36,New York,061,New York,40.84955,-73.935649
2/16/22,AQS,360610115,3,8.6,ug/m3 LC,36,Intermediate School 143,1,100,88502,Acceptable PM2.5 AQI & Speciation Mass,35620,"New York-Newark-Jersey City, NY-NJ-PA",36,New York,061,New York,40.84955,-73.935649
2/17/22,AQS,360610115,3,6.3,ug/m3 LC,26,Intermediate School 143,1,100,88502,Acceptable PM2.5 AQI & Speciation Mass,35620,"New York-Newark-Jersey City, NY-NJ-PA",36,New York,061,New York,40.84955,-73.935649
2/18/22,AQS,360610115,3,7.9,ug/m3 LC,33,Intermediate School 143,1,100,88502,Acceptable PM2.5 AQI & Speciation Mass,35620,"New York-Newark-Jersey City, NY-NJ-PA",36,New York,061,New York,40.84955,-73.935649
2/19/22,AQS,360610115,3,7.9,ug/m3 LC,33,Intermediate School 143,1,100,88502,Acceptable PM2.5 AQI & Speciation Mass,35620,"New York-Newark-Jersey City, NY-NJ-PA",36,New York,061,New York,40.84955,-73.935649
2/20/22,AQS,360610115,3,7.5,ug/m3 LC,31,Intermediate School 143,1,100,88502,Acceptable PM2.5 AQI & Speciation Mass,35620,"New York-Newark-Jersey City, NY-NJ-PA",36,New York,061,New York,40.84955,-73.935649
2/21/22,AQS,360610115,3,12.8,ug/m3 LC,52,Intermediate School 143,1,100,88502,Acceptable PM2.5 AQI & Speciation Mass,35620,"New York-Newark-Jersey City, NY-NJ-PA",36,New York,061,New York,40.84955,-73.935649
2/22/22,AQS,360610115,3,11.2,ug/m3 LC,47,Intermediate School 143,1,100,88502,Acceptable PM2.5 AQI & Speciation Mass,35620,"New York-Newark-Jersey City, NY-NJ-PA",36,New York,061,New York,40.84955,-73.935649
2/23/22,AQS,360610115,3,8.7,ug/m3 LC,36,Intermediate School 143,1,100,88502,Acceptable PM2.5 AQI & Speciation Mass,35620,"New York-Newark-Jersey City, NY-NJ-PA",36,New York,061,New York,40.84955,-73.935649
2/24/22,AQS,360610115,3,6.4,ug/m3 LC,27,Intermediate School 143,1,100,88502,Acceptable PM2.5 AQI & Speciation Mass,35620,"New York-Newark-Jersey City, NY-NJ-PA",36,New York,061,New York,40.84955,-73.935649
2/25/22,AQS,360610115,3,6.4,ug/m3 LC,27,Intermediate School 143,1,100,88502,Acceptable PM2.5 AQI & Speciation Mass,35620,"New York-Newark-Jersey City, NY-NJ-PA",36,New York,061,New York,40.84955,-73.935649
2/26/22,AQS,360610115,3,10.3,ug/m3 LC,43,Intermediate School 143,1,100,88502,Acceptable PM2.5 AQI & Speciation Mass,35620,"New York-Newark-Jersey City, NY-NJ-PA",36,New York,061,New York,40.84955,-73.935649
2/27/22,AQS,360610115,3,8.2,ug/m3 LC,34,Intermediate School 143,1,100,88502,Acceptable PM2.5 AQI & Speciation Mass,35620,"New York-Newark-Jersey City, NY-NJ-PA",36,New York,061,New York,40.84955,-73.935649
2/28/22,AQS,360610115,3,7.5,ug/m3 LC,31,Intermediate School 143,1,100,88502,Acceptable PM2.5 AQI & Speciation Mass,35620,"New York-Newark-Jersey City, NY-NJ-PA",36,New York,061,New York,40.84955,-73.935649
3/1/22,AQS,360610115,3,9.1,ug/m3 LC,38,Intermediate School 143,1,100,88502,Acceptable PM2.5 AQI & Speciation Mass,35620,"New York-Newark-Jersey City, NY-NJ-PA",36,New York,061,New York,40.84955,-73.935649
3/2/22,AQS,360610115,3,12.1,ug/m3 LC,51,Intermediate School 143,1,100,88502,Acceptable PM2.5 AQI & Speciation Mass,35620,"New York-Newark-Jersey City, NY-NJ-PA",36,New York,061,New York,40.84955,-73.935649
3/3/22,AQS,360610115,3,9.9,ug/m3 LC,41,Intermediate School 143,1,100,88502,Acceptable PM2.5 AQI & Speciation Mass,35620,"New York-Newark-Jersey City, NY-NJ-PA",36,New York,061,New York,40.84955,-73.935649
3/4/22,AQS,360610115,3,8.3,ug/m3 LC,35,Intermediate School 143,1,100,88502,Acceptable PM2.5 AQI & Speciation Mass,35620,"New York-Newark-Jersey City, NY-NJ-PA",36,New York,061,New York,40.84955,-73.935649
3/5/22,AQS,360610115,3,10.5,ug/m3 LC,44,Intermediate School 143,1,100,88502,Acceptable PM2.5 AQI & Speciation Mass,35620,"New York-Newark-Jersey City, NY-NJ-PA",36,New York,061,New York,40.84955,-73.935649
3/6/22,AQS,360610115,3,14.6,ug/m3 LC,56,Intermediate School 143,1,100,88502,Acceptable PM2.5 AQI & Speciation Mass,35620,"New York-Newark-Jersey City, NY-NJ-PA",36,New York,061,New York,40.84955,-73.935649
3/7/22,AQS,360610115,3,11.9,ug/m3 LC,50,Intermediate School 143,1,100,88502,Acceptable PM2.5 AQI & Speciation Mass,35620,"New York-Newark-Jersey City, NY-NJ-PA",36,New York,061,New York,40.84955,-73.935649
3/8/22,AQS,360610115,3,6.8,ug/m3 LC,28,Intermediate School 143,1,100,88502,Acceptable PM2.5 AQI & Speciation Mass,35620,"New York-Newark-Jersey City, NY-NJ-PA",36,New York,061,New York,40.84955,-73.935649
3/9/22,AQS,360610115,3,5.2,ug/m3 LC,22,Intermediate School 143,1,100,88502,Acceptable PM2.5 AQI & Speciation Mass,35620,"New York-Newark-Jersey City, NY-NJ-PA",36,New York,061,New York,40.84955,-73.935649
3/10/22,AQS,360610115,3,9.6,ug/m3 LC,40,Intermediate School 143,1,100,88502,Acceptable PM2.5 AQI & Speciation Mass,35620,"New York-Newark-Jersey City, NY-NJ-PA",36,New York,061,New York,40.84955,-73.935649
3/11/22,AQS,360610115,3,8.7,ug/m3 LC,36,Intermediate School 143,1,100,88502,Acceptable PM2.5 AQI & Speciation Mass,35620,"New York-Newark-Jersey City, NY-NJ-PA",36,New York,061,New York,40.84955,-73.935649
3/12/22,AQS,360610115,3,5.8,ug/m3 LC,24,Intermediate School 143,1,100,88502,Acceptable PM2.5 AQI & Speciation Mass,35620,"New York-Newark-Jersey City, NY-NJ-PA",36,New York,061,New York,40.84955,-73.935649
3/13/22,AQS,360610115,3,9.7,ug/m3 LC,40,Intermediate School 143,1,100,88502,Acceptable PM2.5 AQI & Speciation Mass,35620,"New York-Newark-Jersey City, NY-NJ-PA",36,New York,061,New York,40.84955,-73.935649
3/14/22,AQS,360610115,3,10.1,ug/m3 LC,42,Intermediate School 143,1,100,88502,Acceptable PM2.5 AQI & Speciation Mass,35620,"New York-Newark-Jersey City, NY-NJ-PA",36,New York,061,New York,40.84955,-73.935649
3/15/22,AQS,360610115,3,10.3,ug/m3 LC,43,Intermediate School 143,1,100,88502,Acceptable PM2.5 AQI & Speciation Mass,35620,"New York-Newark-Jersey City, NY-NJ-PA",36,New York,061,New York,40.84955,-73.935649
3/16/22,AQS,360610115,3,12.6,ug/m3 LC,52,Intermediate School 143,1,100,88502,Acceptable PM2.5 AQI & Speciation Mass,35620,"New York-Newark-Jersey City, NY-NJ-PA",36,New York,061,New York,40.84955,-73.935649
3/17/22,AQS,360610115,3,10.2,ug/m3 LC,43,Intermediate School 143,1,100,88502,Acceptable PM2.5 AQI & Speciation Mass,35620,"New York-Newark-Jersey City, NY-NJ-PA",36,New York,061,New York,40.84955,-73.935649
3/18/22,AQS,360610115,3,10.2,ug/m3 LC,43,Intermediate School 143,1,100,88502,Acceptable PM2.5 AQI & Speciation Mass,35620,"New York-Newark-Jersey City, NY-NJ-PA",36,New York,061,New York,40.84955,-73.935649
3/19/22,AQS,360610115,3,9,ug/m3 LC,38,Intermediate School 143,1,100,88502,Acceptable PM2.5 AQI & Speciation Mass,35620,"New York-Newark-Jersey City, NY-NJ-PA",36,New York,061,New York,40.84955,-73.935649
3/20/22,AQS,360610115,3,2.4,ug/m3 LC,10,Intermediate School 143,1,100,88502,Acceptable PM2.5 AQI & Speciation Mass,35620,"New York-Newark-Jersey City, NY-NJ-PA",36,New York,061,New York,40.84955,-73.935649
3/21/22,AQS,360610115,3,5.5,ug/m3 LC,23,Intermediate School 143,1,100,88502,Acceptable PM2.5 AQI & Speciation Mass,35620,"New York-Newark-Jersey City, NY-NJ-PA",36,New York,061,New York,40.84955,-73.935649
3/22/22,AQS,360610115,3,4.7,ug/m3 LC,20,Intermediate School 143,1,100,88502,Acceptable PM2.5 AQI & Speciation Mass,35620,"New York-Newark-Jersey City, NY-NJ-PA",36,New York,061,New York,40.84955,-73.935649
3/23/22,AQS,360610115,3,3.2,ug/m3 LC,13,Intermediate School 143,1,100,88502,Acceptable PM2.5 AQI & Speciation Mass,35620,"New York-Newark-Jersey City, NY-NJ-PA",36,New York,061,New York,40.84955,-73.935649
3/24/22,AQS,360610115,3,1.9,ug/m3 LC,8,Intermediate School 143,1,100,88502,Acceptable PM2.5 AQI & Speciation Mass,35620,"New York-Newark-Jersey City, NY-NJ-PA",36,New York,061,New York,40.84955,-73.935649
3/25/22,AQS,360610115,3,5.9,ug/m3 LC,25,Intermediate School 143,1,100,88502,Acceptable PM2.5 AQI & Speciation Mass,35620,"New York-Newark-Jersey City, NY-NJ-PA",36,New York,061,New York,40.84955,-73.935649
3/26/22,AQS,360610115,3,5.2,ug/m3 LC,22,Intermediate School 143,1,100,88502,Acceptable PM2.5 AQI & Speciation Mass,35620,"New York-Newark-Jersey City, NY-NJ-PA",36,New York,061,New York,40.84955,-73.935649
3/27/22,AQS,360610115,3,5.5,ug/m3 LC,23,Intermediate School 143,1,100,88502,Acceptable PM2.5 AQI & Speciation Mass,35620,"New York-Newark-Jersey City, NY-NJ-PA",36,New York,061,New York,40.84955,-73.935649
3/28/22,AQS,360610115,3,11.1,ug/m3 LC,46,Intermediate School 143,1,100,88502,Acceptable PM2.5 AQI & Speciation Mass,35620,"New York-Newark-Jersey City, NY-NJ-PA",36,New York,061,New York,40.84955,-73.935649
3/29/22,AQS,360610115,3,10.1,ug/m3 LC,42,Intermediate School 143,1,100,88502,Acceptable PM2.5 AQI & Speciation Mass,35620,"New York-Newark-Jersey City, NY-NJ-PA",36,New York,061,New York,40.84955,-73.935649
3/30/22,AQS,360610115,3,7.8,ug/m3 LC,33,Intermediate School 143,1,100,88502,Acceptable PM2.5 AQI & Speciation Mass,35620,"New York-Newark-Jersey City, NY-NJ-PA",36,New York,061,New York,40.84955,-73.935649
3/31/22,AQS,360610115,3,16.5,ug/m3 LC,60,Intermediate School 143,1,100,88502,Acceptable PM2.5 AQI & Speciation Mass,35620,"New York-Newark-Jersey City, NY-NJ-PA",36,New York,061,New York,40.84955,-73.935649
4/1/22,AQS,360610115,3,4.6,ug/m3 LC,19,Intermediate School 143,1,100,88502,Acceptable PM2.5 AQI & Speciation Mass,35620,"New York-Newark-Jersey City, NY-NJ-PA",36,New York,061,New York,40.84955,-73.935649
4/2/22,AQS,360610115,3,7.7,ug/m3 LC,32,Intermediate School 143,1,100,88502,Acceptable PM2.5 AQI & Speciation Mass,35620,"New York-Newark-Jersey City, NY-NJ-PA",36,New York,061,New York,40.84955,-73.935649
4/3/22,AQS,360610115,3,6.2,ug/m3 LC,26,Intermediate School 143,1,100,88502,Acceptable PM2.5 AQI & Speciation Mass,35620,"New York-Newark-Jersey City, NY-NJ-PA",36,New York,061,New York,40.84955,-73.935649
4/4/22,AQS,360610115,3,4.4,ug/m3 LC,18,Intermediate School 143,1,100,88502,Acceptable PM2.5 AQI & Speciation Mass,35620,"New York-Newark-Jersey City, NY-NJ-PA",36,New York,061,New York,40.84955,-73.935649
4/5/22,AQS,360610115,3,5.8,ug/m3 LC,24,Intermediate School 143,1,100,88502,Acceptable PM2.5 AQI & Speciation Mass,35620,"New York-Newark-Jersey City, NY-NJ-PA",36,New York,061,New York,40.84955,-73.935649
4/8/22,AQS,360610115,3,3.9,ug/m3 LC,16,Intermediate School 143,1,100,88502,Acceptable PM2.5 AQI & Speciation Mass,35620,"New York-Newark-Jersey City, NY-NJ-PA",36,New York,061,New York,40.84955,-73.935649
4/9/22,AQS,360610115,3,3.5,ug/m3 LC,15,Intermediate School 143,1,100,88502,Acceptable PM2.5 AQI & Speciation Mass,35620,"New York-Newark-Jersey City, NY-NJ-PA",36,New York,061,New York,40.84955,-73.935649
4/10/22,AQS,360610115,3,4.2,ug/m3 LC,18,Intermediate School 143,1,100,88502,Acceptable PM2.5 AQI & Speciation Mass,35620,"New York-Newark-Jersey City, NY-NJ-PA",36,New York,061,New York,40.84955,-73.935649
4/11/22,AQS,360610115,3,7.2,ug/m3 LC,30,Intermediate School 143,1,100,88502,Acceptable PM2.5 AQI & Speciation Mass,35620,"New York-Newark-Jersey City, NY-NJ-PA",36,New York,061,New York,40.84955,-73.935649
4/12/22,AQS,360610115,3,7,ug/m3 LC,29,Intermediate School 143,1,100,88502,Acceptable PM2.5 AQI & Speciation Mass,35620,"New York-Newark-Jersey City, NY-NJ-PA",36,New York,061,New York,40.84955,-73.935649
4/13/22,AQS,360610115,3,14.8,ug/m3 LC,57,Intermediate School 143,1,100,88502,Acceptable PM2.5 AQI & Speciation Mass,35620,"New York-Newark-Jersey City, NY-NJ-PA",36,New York,061,New York,40.84955,-73.935649
4/14/22,AQS,360610115,3,13.9,ug/m3 LC,55,Intermediate School 143,1,100,88502,Acceptable PM2.5 AQI & Speciation Mass,35620,"New York-Newark-Jersey City, NY-NJ-PA",36,New York,061,New York,40.84955,-73.935649
4/15/22,AQS,360610115,3,3,ug/m3 LC,13,Intermediate School 143,1,100,88502,Acceptable PM2.5 AQI & Speciation Mass,35620,"New York-Newark-Jersey City, NY-NJ-PA",36,New York,061,New York,40.84955,-73.935649
4/16/22,AQS,360610115,3,4.5,ug/m3 LC,19,Intermediate School 143,1,100,88502,Acceptable PM2.5 AQI & Speciation Mass,35620,"New York-Newark-Jersey City, NY-NJ-PA",36,New York,061,New York,40.84955,-73.935649
4/17/22,AQS,360610115,3,2.3,ug/m3 LC,10,Intermediate School 143,1,100,88502,Acceptable PM2.5 AQI & Speciation Mass,35620,"New York-Newark-Jersey City, NY-NJ-PA",36,New York,061,New York,40.84955,-73.935649
4/18/22,AQS,360610115,3,0.3,ug/m3 LC,1,Intermediate School 143,1,100,88502,Acceptable PM2.5 AQI & Speciation Mass,35620,"New York-Newark-Jersey City, NY-NJ-PA",36,New York,061,New York,40.84955,-73.935649
4/19/22,AQS,360610115,3,5,ug/m3 LC,21,Intermediate School 143,1,100,88502,Acceptable PM2.5 AQI & Speciation Mass,35620,"New York-Newark-Jersey City, NY-NJ-PA",36,New York,061,New York,40.84955,-73.935649
4/20/22,AQS,360610115,3,8,ug/m3 LC,33,Intermediate School 143,1,100,88502,Acceptable PM2.5 AQI & Speciation Mass,35620,"New York-Newark-Jersey City, NY-NJ-PA",36,New York,061,New York,40.84955,-73.935649
4/21/22,AQS,360610115,3,6,ug/m3 LC,25,Intermediate School 143,1,100,88502,Acceptable PM2.5 AQI & Speciation Mass,35620,"New York-Newark-Jersey City, NY-NJ-PA",36,New York,061,New York,40.84955,-73.935649
4/22/22,AQS,360610115,3,4.7,ug/m3 LC,20,Intermediate School 143,1,100,88502,Acceptable PM2.5 AQI & Speciation Mass,35620,"New York-Newark-Jersey City, NY-NJ-PA",36,New York,061,New York,40.84955,-73.935649
4/23/22,AQS,360610115,3,3.8,ug/m3 LC,16,Intermediate School 143,1,100,88502,Acceptable PM2.5 AQI & Speciation Mass,35620,"New York-Newark-Jersey City, NY-NJ-PA",36,New York,061,New York,40.84955,-73.935649
4/24/22,AQS,360610115,3,4.9,ug/m3 LC,20,Intermediate School 143,1,100,88502,Acceptable PM2.5 AQI & Speciation Mass,35620,"New York-Newark-Jersey City, NY-NJ-PA",36,New York,061,New York,40.84955,-73.935649
4/25/22,AQS,360610115,3,4.3,ug/m3 LC,18,Intermediate School 143,1,100,88502,Acceptable PM2.5 AQI & Speciation Mass,35620,"New York-Newark-Jersey City, NY-NJ-PA",36,New York,061,New York,40.84955,-73.935649
4/26/22,AQS,360610115,3,5.4,ug/m3 LC,23,Intermediate School 143,1,100,88502,Acceptable PM2.5 AQI & Speciation Mass,35620,"New York-Newark-Jersey City, NY-NJ-PA",36,New York,061,New York,40.84955,-73.935649
4/27/22,AQS,360610115,3,1.7,ug/m3 LC,7,Intermediate School 143,1,100,88502,Acceptable PM2.5 AQI & Speciation Mass,35620,"New York-Newark-Jersey City, NY-NJ-PA",36,New York,061,New York,40.84955,-73.935649
4/28/22,AQS,360610115,3,3.4,ug/m3 LC,14,Intermediate School 143,1,100,88502,Acceptable PM2.5 AQI & Speciation Mass,35620,"New York-Newark-Jersey City, NY-NJ-PA",36,New York,061,New York,40.84955,-73.935649
4/29/22,AQS,360610115,3,4.3,ug/m3 LC,18,Intermediate School 143,1,100,88502,Acceptable PM2.5 AQI & Speciation Mass,35620,"New York-Newark-Jersey City, NY-NJ-PA",36,New York,061,New York,40.84955,-73.935649
4/30/22,AQS,360610115,3,5.2,ug/m3 LC,22,Intermediate School 143,1,100,88502,Acceptable PM2.5 AQI & Speciation Mass,35620,"New York-Newark-Jersey City, NY-NJ-PA",36,New York,061,New York,40.84955,-73.935649
5/1/22,AQS,360610115,3,7.8,ug/m3 LC,33,Intermediate School 143,1,100,88502,Acceptable PM2.5 AQI & Speciation Mass,35620,"New York-Newark-Jersey City, NY-NJ-PA",36,New York,061,New York,40.84955,-73.935649
5/2/22,AQS,360610115,3,7.6,ug/m3 LC,32,Intermediate School 143,1,100,88502,Acceptable PM2.5 AQI & Speciation Mass,35620,"New York-Newark-Jersey City, NY-NJ-PA",36,New York,061,New York,40.84955,-73.935649
5/3/22,AQS,360610115,3,2.9,ug/m3 LC,12,Intermediate School 143,1,100,88502,Acceptable PM2.5 AQI & Speciation Mass,35620,"New York-Newark-Jersey City, NY-NJ-PA",36,New York,061,New York,40.84955,-73.935649
5/4/22,AQS,360610115,3,6.5,ug/m3 LC,27,Intermediate School 143,1,100,88502,Acceptable PM2.5 AQI & Speciation Mass,35620,"New York-Newark-Jersey City, NY-NJ-PA",36,New York,061,New York,40.84955,-73.935649
5/5/22,AQS,360610115,3,3.3,ug/m3 LC,14,Intermediate School 143,1,100,88502,Acceptable PM2.5 AQI & Speciation Mass,35620,"New York-Newark-Jersey City, NY-NJ-PA",36,New York,061,New York,40.84955,-73.935649
5/6/22,AQS,360610115,3,5.6,ug/m3 LC,23,Intermediate School 143,1,100,88502,Acceptable PM2.5 AQI & Speciation Mass,35620,"New York-Newark-Jersey City, NY-NJ-PA",36,New York,061,New York,40.84955,-73.935649
5/7/22,AQS,360610115,3,4.1,ug/m3 LC,17,Intermediate School 143,1,100,88502,Acceptable PM2.5 AQI & Speciation Mass,35620,"New York-Newark-Jersey City, NY-NJ-PA",36,New York,061,New York,40.84955,-73.935649
5/8/22,AQS,360610115,3,4.3,ug/m3 LC,18,Intermediate School 143,1,100,88502,Acceptable PM2.5 AQI & Speciation Mass,35620,"New York-Newark-Jersey City, NY-NJ-PA",36,New York,061,New York,40.84955,-73.935649
5/9/22,AQS,360610115,3,2.4,ug/m3 LC,10,Intermediate School 143,1,100,88502,Acceptable PM2.5 AQI & Speciation Mass,35620,"New York-Newark-Jersey City, NY-NJ-PA",36,New York,061,New York,40.84955,-73.935649
5/10/22,AQS,360610115,3,3.4,ug/m3 LC,14,Intermediate School 143,1,100,88502,Acceptable PM2.5 AQI & Speciation Mass,35620,"New York-Newark-Jersey City, NY-NJ-PA",36,New York,061,New York,40.84955,-73.935649
5/11/22,AQS,360610115,3,9.6,ug/m3 LC,40,Intermediate School 143,1,100,88502,Acceptable PM2.5 AQI & Speciation Mass,35620,"New York-Newark-Jersey City, NY-NJ-PA",36,New York,061,New York,40.84955,-73.935649
5/12/22,AQS,360610115,3,5.7,ug/m3 LC,24,Intermediate School 143,1,100,88502,Acceptable PM2.5 AQI & Speciation Mass,35620,"New York-Newark-Jersey City, NY-NJ-PA",36,New York,061,New York,40.84955,-73.935649
5/13/22,AQS,360610115,3,5.4,ug/m3 LC,23,Intermediate School 143,1,100,88502,Acceptable PM2.5 AQI & Speciation Mass,35620,"New York-Newark-Jersey City, NY-NJ-PA",36,New York,061,New York,40.84955,-73.935649
5/14/22,AQS,360610115,3,6.2,ug/m3 LC,26,Intermediate School 143,1,100,88502,Acceptable PM2.5 AQI & Speciation Mass,35620,"New York-Newark-Jersey City, NY-NJ-PA",36,New York,061,New York,40.84955,-73.935649
5/15/22,AQS,360610115,3,4.5,ug/m3 LC,19,Intermediate School 143,1,100,88502,Acceptable PM2.5 AQI & Speciation Mass,35620,"New York-Newark-Jersey City, NY-NJ-PA",36,New York,061,New York,40.84955,-73.935649
5/16/22,AQS,360610115,3,7.5,ug/m3 LC,31,Intermediate School 143,1,100,88502,Acceptable PM2.5 AQI & Speciation Mass,35620,"New York-Newark-Jersey City, NY-NJ-PA",36,New York,061,New York,40.84955,-73.935649
5/17/22,AQS,360610115,3,3.2,ug/m3 LC,13,Intermediate School 143,1,100,88502,Acceptable PM2.5 AQI & Speciation Mass,35620,"New York-Newark-Jersey City, NY-NJ-PA",36,New York,061,New York,40.84955,-73.935649
5/18/22,AQS,360610115,3,3.4,ug/m3 LC,14,Intermediate School 143,1,100,88502,Acceptable PM2.5 AQI & Speciation Mass,35620,"New York-Newark-Jersey City, NY-NJ-PA",36,New York,061,New York,40.84955,-73.935649
5/19/22,AQS,360610115,3,6.7,ug/m3 LC,28,Intermediate School 143,1,100,88502,Acceptable PM2.5 AQI & Speciation Mass,35620,"New York-Newark-Jersey City, NY-NJ-PA",36,New York,061,New York,40.84955,-73.935649
5/20/22,AQS,360610115,3,9.4,ug/m3 LC,39,Intermediate School 143,1,100,88502,Acceptable PM2.5 AQI & Speciation Mass,35620,"New York-Newark-Jersey City, NY-NJ-PA",36,New York,061,New York,40.84955,-73.935649
5/21/22,AQS,360610115,3,15.6,ug/m3 LC,58,Intermediate School 143,1,100,88502,Acceptable PM2.5 AQI & Speciation Mass,35620,"New York-Newark-Jersey City, NY-NJ-PA",36,New York,061,New York,40.84955,-73.935649
5/22/22,AQS,360610115,3,12.9,ug/m3 LC,53,Intermediate School 143,1,100,88502,Acceptable PM2.5 AQI & Speciation Mass,35620,"New York-Newark-Jersey City, NY-NJ-PA",36,New York,061,New York,40.84955,-73.935649
5/23/22,AQS,360610115,3,-0.8,ug/m3 LC,0,Intermediate School 143,1,100,88502,Acceptable PM2.5 AQI & Speciation Mass,35620,"New York-Newark-Jersey City, NY-NJ-PA",36,New York,061,New York,40.84955,-73.935649
5/24/22,AQS,360610115,3,2.7,ug/m3 LC,11,Intermediate School 143,1,100,88502,Acceptable PM2.5 AQI & Speciation Mass,35620,"New York-Newark-Jersey City, NY-NJ-PA",36,New York,061,New York,40.84955,-73.935649
5/25/22,AQS,360610115,3,2.9,ug/m3 LC,12,Intermediate School 143,1,100,88502,Acceptable PM2.5 AQI & Speciation Mass,35620,"New York-Newark-Jersey City, NY-NJ-PA",36,New York,061,New York,40.84955,-73.935649
5/26/22,AQS,360610115,3,4.2,ug/m3 LC,18,Intermediate School 143,1,100,88502,Acceptable PM2.5 AQI & Speciation Mass,35620,"New York-Newark-Jersey City, NY-NJ-PA",36,New York,061,New York,40.84955,-73.935649
5/27/22,AQS,360610115,3,5.6,ug/m3 LC,23,Intermediate School 143,1,100,88502,Acceptable PM2.5 AQI & Speciation Mass,35620,"New York-Newark-Jersey City, NY-NJ-PA",36,New York,061,New York,40.84955,-73.935649
5/28/22,AQS,360610115,3,3.5,ug/m3 LC,15,Intermediate School 143,1,100,88502,Acceptable PM2.5 AQI & Speciation Mass,35620,"New York-Newark-Jersey City, NY-NJ-PA",36,New York,061,New York,40.84955,-73.935649
5/29/22,AQS,360610115,3,5.1,ug/m3 LC,21,Intermediate School 143,1,100,88502,Acceptable PM2.5 AQI & Speciation Mass,35620,"New York-Newark-Jersey City, NY-NJ-PA",36,New York,061,New York,40.84955,-73.935649
5/30/22,AQS,360610115,3,12.9,ug/m3 LC,53,Intermediate School 143,1,100,88502,Acceptable PM2.5 AQI & Speciation Mass,35620,"New York-Newark-Jersey City, NY-NJ-PA",36,New York,061,New York,40.84955,-73.935649
6/1/22,AQS,360610115,3,2.9,ug/m3 LC,12,Intermediate School 143,1,100,88502,Acceptable PM2.5 AQI & Speciation Mass,35620,"New York-Newark-Jersey City, NY-NJ-PA",36,New York,061,New York,40.84955,-73.935649
6/2/22,AQS,360610115,3,5.3,ug/m3 LC,22,Intermediate School 143,1,100,88502,Acceptable PM2.5 AQI & Speciation Mass,35620,"New York-Newark-Jersey City, NY-NJ-PA",36,New York,061,New York,40.84955,-73.935649
6/3/22,AQS,360610115,3,6.1,ug/m3 LC,25,Intermediate School 143,1,100,88502,Acceptable PM2.5 AQI & Speciation Mass,35620,"New York-Newark-Jersey City, NY-NJ-PA",36,New York,061,New York,40.84955,-73.935649
6/4/22,AQS,360610115,3,5.1,ug/m3 LC,21,Intermediate School 143,1,100,88502,Acceptable PM2.5 AQI & Speciation Mass,35620,"New York-Newark-Jersey City, NY-NJ-PA",36,New York,061,New York,40.84955,-73.935649
6/5/22,AQS,360610115,3,2.4,ug/m3 LC,10,Intermediate School 143,1,100,88502,Acceptable PM2.5 AQI & Speciation Mass,35620,"New York-Newark-Jersey City, NY-NJ-PA",36,New York,061,New York,40.84955,-73.935649
6/6/22,AQS,360610115,3,5.6,ug/m3 LC,23,Intermediate School 143,1,100,88502,Acceptable PM2.5 AQI & Speciation Mass,35620,"New York-Newark-Jersey City, NY-NJ-PA",36,New York,061,New York,40.84955,-73.935649
6/7/22,AQS,360610115,3,4.1,ug/m3 LC,17,Intermediate School 143,1,100,88502,Acceptable PM2.5 AQI & Speciation Mass,35620,"New York-Newark-Jersey City, NY-NJ-PA",36,New York,061,New York,40.84955,-73.935649
6/8/22,AQS,360610115,3,3.7,ug/m3 LC,15,Intermediate School 143,1,100,88502,Acceptable PM2.5 AQI & Speciation Mass,35620,"New York-Newark-Jersey City, NY-NJ-PA",36,New York,061,New York,40.84955,-73.935649
6/9/22,AQS,360610115,3,2.2,ug/m3 LC,9,Intermediate School 143,1,100,88502,Acceptable PM2.5 AQI & Speciation Mass,35620,"New York-Newark-Jersey City, NY-NJ-PA",36,New York,061,New York,40.84955,-73.935649
6/10/22,AQS,360610115,3,3.3,ug/m3 LC,14,Intermediate School 143,1,100,88502,Acceptable PM2.5 AQI & Speciation Mass,35620,"New York-Newark-Jersey City, NY-NJ-PA",36,New York,061,New York,40.84955,-73.935649
6/11/22,AQS,360610115,3,5.7,ug/m3 LC,24,Intermediate School 143,1,100,88502,Acceptable PM2.5 AQI & Speciation Mass,35620,"New York-Newark-Jersey City, NY-NJ-PA",36,New York,061,New York,40.84955,-73.935649
6/12/22,AQS,360610115,3,5.8,ug/m3 LC,24,Intermediate School 143,1,100,88502,Acceptable PM2.5 AQI & Speciation Mass,35620,"New York-Newark-Jersey City, NY-NJ-PA",36,New York,061,New York,40.84955,-73.935649
6/13/22,AQS,360610115,3,7.4,ug/m3 LC,31,Intermediate School 143,1,100,88502,Acceptable PM2.5 AQI & Speciation Mass,35620,"New York-Newark-Jersey City, NY-NJ-PA",36,New York,061,New York,40.84955,-73.935649
6/14/22,AQS,360610115,3,3.6,ug/m3 LC,15,Intermediate School 143,1,100,88502,Acceptable PM2.5 AQI & Speciation Mass,35620,"New York-Newark-Jersey City, NY-NJ-PA",36,New York,061,New York,40.84955,-73.935649
6/15/22,AQS,360610115,3,4.8,ug/m3 LC,20,Intermediate School 143,1,100,88502,Acceptable PM2.5 AQI & Speciation Mass,35620,"New York-Newark-Jersey City, NY-NJ-PA",36,New York,061,New York,40.84955,-73.935649
6/16/22,AQS,360610115,3,2.7,ug/m3 LC,11,Intermediate School 143,1,100,88502,Acceptable PM2.5 AQI & Speciation Mass,35620,"New York-Newark-Jersey City, NY-NJ-PA",36,New York,061,New York,40.84955,-73.935649
6/17/22,AQS,360610115,3,7.2,ug/m3 LC,30,Intermediate School 143,1,100,88502,Acceptable PM2.5 AQI & Speciation Mass,35620,"New York-Newark-Jersey City, NY-NJ-PA",36,New York,061,New York,40.84955,-73.935649
6/18/22,AQS,360610115,3,1.2,ug/m3 LC,5,Intermediate School 143,1,100,88502,Acceptable PM2.5 AQI & Speciation Mass,35620,"New York-Newark-Jersey City, NY-NJ-PA",36,New York,061,New York,40.84955,-73.935649
6/19/22,AQS,360610115,3,1.5,ug/m3 LC,6,Intermediate School 143,1,100,88502,Acceptable PM2.5 AQI & Speciation Mass,35620,"New York-Newark-Jersey City, NY-NJ-PA",36,New York,061,New York,40.84955,-73.935649
6/20/22,AQS,360610115,3,5.2,ug/m3 LC,22,Intermediate School 143,1,100,88502,Acceptable PM2.5 AQI & Speciation Mass,35620,"New York-Newark-Jersey City, NY-NJ-PA",36,New York,061,New York,40.84955,-73.935649
6/21/22,AQS,360610115,3,13.7,ug/m3 LC,54,Intermediate School 143,1,100,88502,Acceptable PM2.5 AQI & Speciation Mass,35620,"New York-Newark-Jersey City, NY-NJ-PA",36,New York,061,New York,40.84955,-73.935649
6/22/22,AQS,360610115,3,7.1,ug/m3 LC,30,Intermediate School 143,1,100,88502,Acceptable PM2.5 AQI & Speciation Mass,35620,"New York-Newark-Jersey City, NY-NJ-PA",36,New York,061,New York,40.84955,-73.935649
6/23/22,AQS,360610115,3,4.9,ug/m3 LC,20,Intermediate School 143,1,100,88502,Acceptable PM2.5 AQI & Speciation Mass,35620,"New York-Newark-Jersey City, NY-NJ-PA",36,New York,061,New York,40.84955,-73.935649
6/24/22,AQS,360610115,3,9,ug/m3 LC,38,Intermediate School 143,1,100,88502,Acceptable PM2.5 AQI & Speciation Mass,35620,"New York-Newark-Jersey City, NY-NJ-PA",36,New York,061,New York,40.84955,-73.935649
6/25/22,AQS,360610115,3,10.4,ug/m3 LC,43,Intermediate School 143,1,100,88502,Acceptable PM2.5 AQI & Speciation Mass,35620,"New York-Newark-Jersey City, NY-NJ-PA",36,New York,061,New York,40.84955,-73.935649
6/26/22,AQS,360610115,3,9.7,ug/m3 LC,40,Intermediate School 143,1,100,88502,Acceptable PM2.5 AQI & Speciation Mass,35620,"New York-Newark-Jersey City, NY-NJ-PA",36,New York,061,New York,40.84955,-73.935649
6/27/22,AQS,360610115,3,7,ug/m3 LC,29,Intermediate School 143,1,100,88502,Acceptable PM2.5 AQI & Speciation Mass,35620,"New York-Newark-Jersey City, NY-NJ-PA",36,New York,061,New York,40.84955,-73.935649
6/28/22,AQS,360610115,3,2.1,ug/m3 LC,9,Intermediate School 143,1,100,88502,Acceptable PM2.5 AQI & Speciation Mass,35620,"New York-Newark-Jersey City, NY-NJ-PA",36,New York,061,New York,40.84955,-73.935649
6/29/22,AQS,360610115,3,6.4,ug/m3 LC,27,Intermediate School 143,1,100,88502,Acceptable PM2.5 AQI & Speciation Mass,35620,"New York-Newark-Jersey City, NY-NJ-PA",36,New York,061,New York,40.84955,-73.935649
6/30/22,AQS,360610115,3,7.8,ug/m3 LC,33,Intermediate School 143,1,100,88502,Acceptable PM2.5 AQI & Speciation Mass,35620,"New York-Newark-Jersey City, NY-NJ-PA",36,New York,061,New York,40.84955,-73.935649
7/1/22,AQS,360610115,3,13,ug/m3 LC,53,Intermediate School 143,1,100,88502,Acceptable PM2.5 AQI & Speciation Mass,35620,"New York-Newark-Jersey City, NY-NJ-PA",36,New York,061,New York,40.84955,-73.935649
7/2/22,AQS,360610115,3,6.1,ug/m3 LC,25,Intermediate School 143,1,100,88502,Acceptable PM2.5 AQI & Speciation Mass,35620,"New York-Newark-Jersey City, NY-NJ-PA",36,New York,061,New York,40.84955,-73.935649
7/3/22,AQS,360610115,3,4,ug/m3 LC,17,Intermediate School 143,1,100,88502,Acceptable PM2.5 AQI & Speciation Mass,35620,"New York-Newark-Jersey City, NY-NJ-PA",36,New York,061,New York,40.84955,-73.935649
7/4/22,AQS,360610115,3,7.3,ug/m3 LC,30,Intermediate School 143,1,100,88502,Acceptable PM2.5 AQI & Speciation Mass,35620,"New York-Newark-Jersey City, NY-NJ-PA",36,New York,061,New York,40.84955,-73.935649
7/5/22,AQS,360610115,3,13.9,ug/m3 LC,55,Intermediate School 143,1,100,88502,Acceptable PM2.5 AQI & Speciation Mass,35620,"New York-Newark-Jersey City, NY-NJ-PA",36,New York,061,New York,40.84955,-73.935649
7/6/22,AQS,360610115,3,3.2,ug/m3 LC,13,Intermediate School 143,1,100,88502,Acceptable PM2.5 AQI & Speciation Mass,35620,"New York-Newark-Jersey City, NY-NJ-PA",36,New York,061,New York,40.84955,-73.935649
7/7/22,AQS,360610115,3,2.1,ug/m3 LC,9,Intermediate School 143,1,100,88502,Acceptable PM2.5 AQI & Speciation Mass,35620,"New York-Newark-Jersey City, NY-NJ-PA",36,New York,061,New York,40.84955,-73.935649
7/8/22,AQS,360610115,3,6.7,ug/m3 LC,28,Intermediate School 143,1,100,88502,Acceptable PM2.5 AQI & Speciation Mass,35620,"New York-Newark-Jersey City, NY-NJ-PA",36,New York,061,New York,40.84955,-73.935649
7/9/22,AQS,360610115,3,4.6,ug/m3 LC,19,Intermediate School 143,1,100,88502,Acceptable PM2.5 AQI & Speciation Mass,35620,"New York-Newark-Jersey City, NY-NJ-PA",36,New York,061,New York,40.84955,-73.935649
7/10/22,AQS,360610115,3,2.9,ug/m3 LC,12,Intermediate School 143,1,100,88502,Acceptable PM2.5 AQI & Speciation Mass,35620,"New York-Newark-Jersey City, NY-NJ-PA",36,New York,061,New York,40.84955,-73.935649
7/11/22,AQS,360610115,3,4.6,ug/m3 LC,19,Intermediate School 143,1,100,88502,Acceptable PM2.5 AQI & Speciation Mass,35620,"New York-Newark-Jersey City, NY-NJ-PA",36,New York,061,New York,40.84955,-73.935649
7/12/22,AQS,360610115,3,8,ug/m3 LC,33,Intermediate School 143,1,100,88502,Acceptable PM2.5 AQI & Speciation Mass,35620,"New York-Newark-Jersey City, NY-NJ-PA",36,New York,061,New York,40.84955,-73.935649
7/13/22,AQS,360610115,3,6.4,ug/m3 LC,27,Intermediate School 143,1,100,88502,Acceptable PM2.5 AQI & Speciation Mass,35620,"New York-Newark-Jersey City, NY-NJ-PA",36,New York,061,New York,40.84955,-73.935649
7/14/22,AQS,360610115,3,4,ug/m3 LC,17,Intermediate School 143,1,100,88502,Acceptable PM2.5 AQI & Speciation Mass,35620,"New York-Newark-Jersey City, NY-NJ-PA",36,New York,061,New York,40.84955,-73.935649
7/15/22,AQS,360610115,3,5.3,ug/m3 LC,22,Intermediate School 143,1,100,88502,Acceptable PM2.5 AQI & Speciation Mass,35620,"New York-Newark-Jersey City, NY-NJ-PA",36,New York,061,New York,40.84955,-73.935649
7/16/22,AQS,360610115,3,7.5,ug/m3 LC,31,Intermediate School 143,1,100,88502,Acceptable PM2.5 AQI & Speciation Mass,35620,"New York-Newark-Jersey City, NY-NJ-PA",36,New York,061,New York,40.84955,-73.935649
7/17/22,AQS,360610115,3,7.8,ug/m3 LC,33,Intermediate School 143,1,100,88502,Acceptable PM2.5 AQI & Speciation Mass,35620,"New York-Newark-Jersey City, NY-NJ-PA",36,New York,061,New York,40.84955,-73.935649
7/20/22,AQS,360610115,3,12.8,ug/m3 LC,52,Intermediate School 143,1,100,88502,Acceptable PM2.5 AQI & Speciation Mass,35620,"New York-Newark-Jersey City, NY-NJ-PA",36,New York,061,New York,40.84955,-73.935649
7/21/22,AQS,360610115,3,11.5,ug/m3 LC,48,Intermediate School 143,1,100,88502,Acceptable PM2.5 AQI & Speciation Mass,35620,"New York-Newark-Jersey City, NY-NJ-PA",36,New York,061,New York,40.84955,-73.935649
7/22/22,AQS,360610115,3,10.2,ug/m3 LC,43,Intermediate School 143,1,100,88502,Acceptable PM2.5 AQI & Speciation Mass,35620,"New York-Newark-Jersey City, NY-NJ-PA",36,New York,061,New York,40.84955,-73.935649
7/23/22,AQS,360610115,3,14.5,ug/m3 LC,56,Intermediate School 143,1,100,88502,Acceptable PM2.5 AQI & Speciation Mass,35620,"New York-Newark-Jersey City, NY-NJ-PA",36,New York,061,New York,40.84955,-73.935649
7/24/22,AQS,360610115,3,12.8,ug/m3 LC,52,Intermediate School 143,1,100,88502,Acceptable PM2.5 AQI & Speciation Mass,35620,"New York-Newark-Jersey City, NY-NJ-PA",36,New York,061,New York,40.84955,-73.935649
7/26/22,AQS,360610115,3,1.2,ug/m3 LC,5,Intermediate School 143,1,100,88502,Acceptable PM2.5 AQI & Speciation Mass,35620,"New York-Newark-Jersey City, NY-NJ-PA",36,New York,061,New York,40.84955,-73.935649
7/27/22,AQS,360610115,3,7.1,ug/m3 LC,30,Intermediate School 143,1,100,88502,Acceptable PM2.5 AQI & Speciation Mass,35620,"New York-Newark-Jersey City, NY-NJ-PA",36,New York,061,New York,40.84955,-73.935649
7/28/22,AQS,360610115,3,9.6,ug/m3 LC,40,Intermediate School 143,1,100,88502,Acceptable PM2.5 AQI & Speciation Mass,35620,"New York-Newark-Jersey City, NY-NJ-PA",36,New York,061,New York,40.84955,-73.935649
7/29/22,AQS,360610115,3,7.2,ug/m3 LC,30,Intermediate School 143,1,100,88502,Acceptable PM2.5 AQI & Speciation Mass,35620,"New York-Newark-Jersey City, NY-NJ-PA",36,New York,061,New York,40.84955,-73.935649
7/30/22,AQS,360610115,3,2.8,ug/m3 LC,12,Intermediate School 143,1,100,88502,Acceptable PM2.5 AQI & Speciation Mass,35620,"New York-Newark-Jersey City, NY-NJ-PA",36,New York,061,New York,40.84955,-73.935649
7/31/22,AQS,360610115,3,4.4,ug/m3 LC,18,Intermediate School 143,1,100,88502,Acceptable PM2.5 AQI & Speciation Mass,35620,"New York-Newark-Jersey City, NY-NJ-PA",36,New York,061,New York,40.84955,-73.935649
8/1/22,AQS,360610115,3,6.5,ug/m3 LC,27,Intermediate School 143,1,100,88502,Acceptable PM2.5 AQI & Speciation Mass,35620,"New York-Newark-Jersey City, NY-NJ-PA",36,New York,061,New York,40.84955,-73.935649
8/2/22,AQS,360610115,3,7.4,ug/m3 LC,31,Intermediate School 143,1,100,88502,Acceptable PM2.5 AQI & Speciation Mass,35620,"New York-Newark-Jersey City, NY-NJ-PA",36,New York,061,New York,40.84955,-73.935649
8/3/22,AQS,360610115,3,5.4,ug/m3 LC,23,Intermediate School 143,1,100,88502,Acceptable PM2.5 AQI & Speciation Mass,35620,"New York-Newark-Jersey City, NY-NJ-PA",36,New York,061,New York,40.84955,-73.935649
8/4/22,AQS,360610115,3,11.9,ug/m3 LC,50,Intermediate School 143,1,100,88502,Acceptable PM2.5 AQI & Speciation Mass,35620,"New York-Newark-Jersey City, NY-NJ-PA",36,New York,061,New York,40.84955,-73.935649
8/5/22,AQS,360610115,3,9.7,ug/m3 LC,40,Intermediate School 143,1,100,88502,Acceptable PM2.5 AQI & Speciation Mass,35620,"New York-Newark-Jersey City, NY-NJ-PA",36,New York,061,New York,40.84955,-73.935649
8/6/22,AQS,360610115,3,5.5,ug/m3 LC,23,Intermediate School 143,1,100,88502,Acceptable PM2.5 AQI & Speciation Mass,35620,"New York-Newark-Jersey City, NY-NJ-PA",36,New York,061,New York,40.84955,-73.935649
8/7/22,AQS,360610115,3,4.3,ug/m3 LC,18,Intermediate School 143,1,100,88502,Acceptable PM2.5 AQI & Speciation Mass,35620,"New York-Newark-Jersey City, NY-NJ-PA",36,New York,061,New York,40.84955,-73.935649
8/8/22,AQS,360610115,3,8.4,ug/m3 LC,35,Intermediate School 143,1,100,88502,Acceptable PM2.5 AQI & Speciation Mass,35620,"New York-Newark-Jersey City, NY-NJ-PA",36,New York,061,New York,40.84955,-73.935649
8/9/22,AQS,360610115,3,8.6,ug/m3 LC,36,Intermediate School 143,1,100,88502,Acceptable PM2.5 AQI & Speciation Mass,35620,"New York-Newark-Jersey City, NY-NJ-PA",36,New York,061,New York,40.84955,-73.935649
8/10/22,AQS,360610115,3,2.1,ug/m3 LC,9,Intermediate School 143,1,100,88502,Acceptable PM2.5 AQI & Speciation Mass,35620,"New York-Newark-Jersey City, NY-NJ-PA",36,New York,061,New York,40.84955,-73.935649
8/11/22,AQS,360610115,3,6.8,ug/m3 LC,28,Intermediate School 143,1,100,88502,Acceptable PM2.5 AQI & Speciation Mass,35620,"New York-Newark-Jersey City, NY-NJ-PA",36,New York,061,New York,40.84955,-73.935649
8/12/22,AQS,360610115,3,1.9,ug/m3 LC,8,Intermediate School 143,1,100,88502,Acceptable PM2.5 AQI & Speciation Mass,35620,"New York-Newark-Jersey City, NY-NJ-PA",36,New York,061,New York,40.84955,-73.935649
8/13/22,AQS,360610115,3,1.7,ug/m3 LC,7,Intermediate School 143,1,100,88502,Acceptable PM2.5 AQI & Speciation Mass,35620,"New York-Newark-Jersey City, NY-NJ-PA",36,New York,061,New York,40.84955,-73.935649
8/14/22,AQS,360610115,3,4.1,ug/m3 LC,17,Intermediate School 143,1,100,88502,Acceptable PM2.5 AQI & Speciation Mass,35620,"New York-Newark-Jersey City, NY-NJ-PA",36,New York,061,New York,40.84955,-73.935649
8/15/22,AQS,360610115,3,4.5,ug/m3 LC,19,Intermediate School 143,1,100,88502,Acceptable PM2.5 AQI & Speciation Mass,35620,"New York-Newark-Jersey City, NY-NJ-PA",36,New York,061,New York,40.84955,-73.935649
8/16/22,AQS,360610115,3,4.8,ug/m3 LC,20,Intermediate School 143,1,100,88502,Acceptable PM2.5 AQI & Speciation Mass,35620,"New York-Newark-Jersey City, NY-NJ-PA",36,New York,061,New York,40.84955,-73.935649
8/17/22,AQS,360610115,3,4.3,ug/m3 LC,18,Intermediate School 143,1,100,88502,Acceptable PM2.5 AQI & Speciation Mass,35620,"New York-Newark-Jersey City, NY-NJ-PA",36,New York,061,New York,40.84955,-73.935649
8/18/22,AQS,360610115,3,7,ug/m3 LC,29,Intermediate School 143,1,100,88502,Acceptable PM2.5 AQI & Speciation Mass,35620,"New York-Newark-Jersey City, NY-NJ-PA",36,New York,061,New York,40.84955,-73.935649
8/19/22,AQS,360610115,3,9.8,ug/m3 LC,41,Intermediate School 143,1,100,88502,Acceptable PM2.5 AQI & Speciation Mass,35620,"New York-Newark-Jersey City, NY-NJ-PA",36,New York,061,New York,40.84955,-73.935649
8/20/22,AQS,360610115,3,11.2,ug/m3 LC,47,Intermediate School 143,1,100,88502,Acceptable PM2.5 AQI & Speciation Mass,35620,"New York-Newark-Jersey City, NY-NJ-PA",36,New York,061,New York,40.84955,-73.935649
8/21/22,AQS,360610115,3,6.1,ug/m3 LC,25,Intermediate School 143,1,100,88502,Acceptable PM2.5 AQI & Speciation Mass,35620,"New York-Newark-Jersey City, NY-NJ-PA",36,New York,061,New York,40.84955,-73.935649
8/22/22,AQS,360610115,3,5.6,ug/m3 LC,23,Intermediate School 143,1,100,88502,Acceptable PM2.5 AQI & Speciation Mass,35620,"New York-Newark-Jersey City, NY-NJ-PA",36,New York,061,New York,40.84955,-73.935649
8/23/22,AQS,360610115,3,5.8,ug/m3 LC,24,Intermediate School 143,1,100,88502,Acceptable PM2.5 AQI & Speciation Mass,35620,"New York-Newark-Jersey City, NY-NJ-PA",36,New York,061,New York,40.84955,-73.935649
8/24/22,AQS,360610115,3,5.2,ug/m3 LC,22,Intermediate School 143,1,100,88502,Acceptable PM2.5 AQI & Speciation Mass,35620,"New York-Newark-Jersey City, NY-NJ-PA",36,New York,061,New York,40.84955,-73.935649
8/25/22,AQS,360610115,3,5.6,ug/m3 LC,23,Intermediate School 143,1,100,88502,Acceptable PM2.5 AQI & Speciation Mass,35620,"New York-Newark-Jersey City, NY-NJ-PA",36,New York,061,New York,40.84955,-73.935649
8/26/22,AQS,360610115,3,15.7,ug/m3 LC,59,Intermediate School 143,1,100,88502,Acceptable PM2.5 AQI & Speciation Mass,35620,"New York-Newark-Jersey City, NY-NJ-PA",36,New York,061,New York,40.84955,-73.935649
8/27/22,AQS,360610115,3,10.9,ug/m3 LC,45,Intermediate School 143,1,100,88502,Acceptable PM2.5 AQI & Speciation Mass,35620,"New York-Newark-Jersey City, NY-NJ-PA",36,New York,061,New York,40.84955,-73.935649
8/28/22,AQS,360610115,3,8.4,ug/m3 LC,35,Intermediate School 143,1,100,88502,Acceptable PM2.5 AQI & Speciation Mass,35620,"New York-Newark-Jersey City, NY-NJ-PA",36,New York,061,New York,40.84955,-73.935649
8/29/22,AQS,360610115,3,9.2,ug/m3 LC,38,Intermediate School 143,1,100,88502,Acceptable PM2.5 AQI & Speciation Mass,35620,"New York-Newark-Jersey City, NY-NJ-PA",36,New York,061,New York,40.84955,-73.935649
8/30/22,AQS,360610115,3,5.3,ug/m3 LC,22,Intermediate School 143,1,100,88502,Acceptable PM2.5 AQI & Speciation Mass,35620,"New York-Newark-Jersey City, NY-NJ-PA",36,New York,061,New York,40.84955,-73.935649
8/31/22,AQS,360610115,3,3.6,ug/m3 LC,15,Intermediate School 143,1,100,88502,Acceptable PM2.5 AQI & Speciation Mass,35620,"New York-Newark-Jersey City, NY-NJ-PA",36,New York,061,New York,40.84955,-73.935649
9/1/22,AQS,360610115,3,5.4,ug/m3 LC,23,Intermediate School 143,1,100,88502,Acceptable PM2.5 AQI & Speciation Mass,35620,"New York-Newark-Jersey City, NY-NJ-PA",36,New York,061,New York,40.84955,-73.935649
9/2/22,AQS,360610115,3,4.2,ug/m3 LC,18,Intermediate School 143,1,100,88502,Acceptable PM2.5 AQI & Speciation Mass,35620,"New York-Newark-Jersey City, NY-NJ-PA",36,New York,061,New York,40.84955,-73.935649
9/3/22,AQS,360610115,3,4.6,ug/m3 LC,19,Intermediate School 143,1,100,88502,Acceptable PM2.5 AQI & Speciation Mass,35620,"New York-Newark-Jersey City, NY-NJ-PA",36,New York,061,New York,40.84955,-73.935649
9/4/22,AQS,360610115,3,8.8,ug/m3 LC,37,Intermediate School 143,1,100,88502,Acceptable PM2.5 AQI & Speciation Mass,35620,"New York-Newark-Jersey City, NY-NJ-PA",36,New York,061,New York,40.84955,-73.935649
9/5/22,AQS,360610115,3,10.1,ug/m3 LC,42,Intermediate School 143,1,100,88502,Acceptable PM2.5 AQI & Speciation Mass,35620,"New York-Newark-Jersey City, NY-NJ-PA",36,New York,061,New York,40.84955,-73.935649
9/6/22,AQS,360610115,3,4.1,ug/m3 LC,17,Intermediate School 143,1,100,88502,Acceptable PM2.5 AQI & Speciation Mass,35620,"New York-Newark-Jersey City, NY-NJ-PA",36,New York,061,New York,40.84955,-73.935649
9/7/22,AQS,360610115,3,1.8,ug/m3 LC,8,Intermediate School 143,1,100,88502,Acceptable PM2.5 AQI & Speciation Mass,35620,"New York-Newark-Jersey City, NY-NJ-PA",36,New York,061,New York,40.84955,-73.935649
9/8/22,AQS,360610115,3,4.4,ug/m3 LC,18,Intermediate School 143,1,100,88502,Acceptable PM2.5 AQI & Speciation Mass,35620,"New York-Newark-Jersey City, NY-NJ-PA",36,New York,061,New York,40.84955,-73.935649
9/9/22,AQS,360610115,3,6.5,ug/m3 LC,27,Intermediate School 143,1,100,88502,Acceptable PM2.5 AQI & Speciation Mass,35620,"New York-Newark-Jersey City, NY-NJ-PA",36,New York,061,New York,40.84955,-73.935649
9/10/22,AQS,360610115,3,8.5,ug/m3 LC,35,Intermediate School 143,1,100,88502,Acceptable PM2.5 AQI & Speciation Mass,35620,"New York-Newark-Jersey City, NY-NJ-PA",36,New York,061,New York,40.84955,-73.935649
9/11/22,AQS,360610115,3,5.7,ug/m3 LC,24,Intermediate School 143,1,100,88502,Acceptable PM2.5 AQI & Speciation Mass,35620,"New York-Newark-Jersey City, NY-NJ-PA",36,New York,061,New York,40.84955,-73.935649
9/12/22,AQS,360610115,3,5.4,ug/m3 LC,23,Intermediate School 143,1,100,88502,Acceptable PM2.5 AQI & Speciation Mass,35620,"New York-Newark-Jersey City, NY-NJ-PA",36,New York,061,New York,40.84955,-73.935649
9/13/22,AQS,360610115,3,3.9,ug/m3 LC,16,Intermediate School 143,1,100,88502,Acceptable PM2.5 AQI & Speciation Mass,35620,"New York-Newark-Jersey City, NY-NJ-PA",36,New York,061,New York,40.84955,-73.935649
9/14/22,AQS,360610115,3,3.8,ug/m3 LC,16,Intermediate School 143,1,100,88502,Acceptable PM2.5 AQI & Speciation Mass,35620,"New York-Newark-Jersey City, NY-NJ-PA",36,New York,061,New York,40.84955,-73.935649
9/15/22,AQS,360610115,3,2.6,ug/m3 LC,11,Intermediate School 143,1,100,88502,Acceptable PM2.5 AQI & Speciation Mass,35620,"New York-Newark-Jersey City, NY-NJ-PA",36,New York,061,New York,40.84955,-73.935649
9/16/22,AQS,360610115,3,2,ug/m3 LC,8,Intermediate School 143,1,100,88502,Acceptable PM2.5 AQI & Speciation Mass,35620,"New York-Newark-Jersey City, NY-NJ-PA",36,New York,061,New York,40.84955,-73.935649
9/17/22,AQS,360610115,3,4.1,ug/m3 LC,17,Intermediate School 143,1,100,88502,Acceptable PM2.5 AQI & Speciation Mass,35620,"New York-Newark-Jersey City, NY-NJ-PA",36,New York,061,New York,40.84955,-73.935649
9/18/22,AQS,360610115,3,9.5,ug/m3 LC,40,Intermediate School 143,1,100,88502,Acceptable PM2.5 AQI & Speciation Mass,35620,"New York-Newark-Jersey City, NY-NJ-PA",36,New York,061,New York,40.84955,-73.935649
9/19/22,AQS,360610115,3,11.3,ug/m3 LC,47,Intermediate School 143,1,100,88502,Acceptable PM2.5 AQI & Speciation Mass,35620,"New York-Newark-Jersey City, NY-NJ-PA",36,New York,061,New York,40.84955,-73.935649
9/20/22,AQS,360610115,3,4.5,ug/m3 LC,19,Intermediate School 143,1,100,88502,Acceptable PM2.5 AQI & Speciation Mass,35620,"New York-Newark-Jersey City, NY-NJ-PA",36,New York,061,New York,40.84955,-73.935649
9/21/22,AQS,360610115,3,5.1,ug/m3 LC,21,Intermediate School 143,1,100,88502,Acceptable PM2.5 AQI & Speciation Mass,35620,"New York-Newark-Jersey City, NY-NJ-PA",36,New York,061,New York,40.84955,-73.935649
9/22/22,AQS,360610115,3,6.1,ug/m3 LC,25,Intermediate School 143,1,100,88502,Acceptable PM2.5 AQI & Speciation Mass,35620,"New York-Newark-Jersey City, NY-NJ-PA",36,New York,061,New York,40.84955,-73.935649
9/23/22,AQS,360610115,3,0,ug/m3 LC,0,Intermediate School 143,1,100,88502,Acceptable PM2.5 AQI & Speciation Mass,35620,"New York-Newark-Jersey City, NY-NJ-PA",36,New York,061,New York,40.84955,-73.935649
9/24/22,AQS,360610115,3,2.1,ug/m3 LC,9,Intermediate School 143,1,100,88502,Acceptable PM2.5 AQI & Speciation Mass,35620,"New York-Newark-Jersey City, NY-NJ-PA",36,New York,061,New York,40.84955,-73.935649
9/25/22,AQS,360610115,3,6.5,ug/m3 LC,27,Intermediate School 143,1,100,88502,Acceptable PM2.5 AQI & Speciation Mass,35620,"New York-Newark-Jersey City, NY-NJ-PA",36,New York,061,New York,40.84955,-73.935649
9/26/22,AQS,360610115,3,4.3,ug/m3 LC,18,Intermediate School 143,1,100,88502,Acceptable PM2.5 AQI & Speciation Mass,35620,"New York-Newark-Jersey City, NY-NJ-PA",36,New York,061,New York,40.84955,-73.935649
9/27/22,AQS,360610115,3,4.6,ug/m3 LC,19,Intermediate School 143,1,100,88502,Acceptable PM2.5 AQI & Speciation Mass,35620,"New York-Newark-Jersey City, NY-NJ-PA",36,New York,061,New York,40.84955,-73.935649
9/28/22,AQS,360610115,3,2.8,ug/m3 LC,12,Intermediate School 143,1,100,88502,Acceptable PM2.5 AQI & Speciation Mass,35620,"New York-Newark-Jersey City, NY-NJ-PA",36,New York,061,New York,40.84955,-73.935649
9/29/22,AQS,360610115,3,0.9,ug/m3 LC,4,Intermediate School 143,1,100,88502,Acceptable PM2.5 AQI & Speciation Mass,35620,"New York-Newark-Jersey City, NY-NJ-PA",36,New York,061,New York,40.84955,-73.935649
9/30/22,AQS,360610115,3,2.2,ug/m3 LC,9,Intermediate School 143,1,100,88502,Acceptable PM2.5 AQI & Speciation Mass,35620,"New York-Newark-Jersey City, NY-NJ-PA",36,New York,061,New York,40.84955,-73.935649
10/1/22,AQS,360610115,3,2.2,ug/m3 LC,9,Intermediate School 143,1,100,88502,Acceptable PM2.5 AQI & Speciation Mass,35620,"New York-Newark-Jersey City, NY-NJ-PA",36,New York,061,New York,40.84955,-73.935649
10/2/22,AQS,360610115,3,1.9,ug/m3 LC,8,Intermediate School 143,1,100,88502,Acceptable PM2.5 AQI & Speciation Mass,35620,"New York-Newark-Jersey City, NY-NJ-PA",36,New York,061,New York,40.84955,-73.935649
10/3/22,AQS,360610115,3,1.9,ug/m3 LC,8,Intermediate School 143,1,100,88502,Acceptable PM2.5 AQI & Speciation Mass,35620,"New York-Newark-Jersey City, NY-NJ-PA",36,New York,061,New York,40.84955,-73.935649
10/4/22,AQS,360610115,3,1.8,ug/m3 LC,8,Intermediate School 143,1,100,88502,Acceptable PM2.5 AQI & Speciation Mass,35620,"New York-Newark-Jersey City, NY-NJ-PA",36,New York,061,New York,40.84955,-73.935649
10/5/22,AQS,360610115,3,2.4,ug/m3 LC,10,Intermediate School 143,1,100,88502,Acceptable PM2.5 AQI & Speciation Mass,35620,"New York-Newark-Jersey City, NY-NJ-PA",36,New York,061,New York,40.84955,-73.935649
10/6/22,AQS,360610115,3,7.1,ug/m3 LC,30,Intermediate School 143,1,100,88502,Acceptable PM2.5 AQI & Speciation Mass,35620,"New York-Newark-Jersey City, NY-NJ-PA",36,New York,061,New York,40.84955,-73.935649
10/7/22,AQS,360610115,3,9.6,ug/m3 LC,40,Intermediate School 143,1,100,88502,Acceptable PM2.5 AQI & Speciation Mass,35620,"New York-Newark-Jersey City, NY-NJ-PA",36,New York,061,New York,40.84955,-73.935649
10/8/22,AQS,360610115,3,2.9,ug/m3 LC,12,Intermediate School 143,1,100,88502,Acceptable PM2.5 AQI & Speciation Mass,35620,"New York-Newark-Jersey City, NY-NJ-PA",36,New York,061,New York,40.84955,-73.935649
10/9/22,AQS,360610115,3,5.9,ug/m3 LC,25,Intermediate School 143,1,100,88502,Acceptable PM2.5 AQI & Speciation Mass,35620,"New York-Newark-Jersey City, NY-NJ-PA",36,New York,061,New York,40.84955,-73.935649
10/10/22,AQS,360610115,3,8.3,ug/m3 LC,35,Intermediate School 143,1,100,88502,Acceptable PM2.5 AQI & Speciation Mass,35620,"New York-Newark-Jersey City, NY-NJ-PA",36,New York,061,New York,40.84955,-73.935649
10/11/22,AQS,360610115,3,12.3,ug/m3 LC,51,Intermediate School 143,1,100,88502,Acceptable PM2.5 AQI & Speciation Mass,35620,"New York-Newark-Jersey City, NY-NJ-PA",36,New York,061,New York,40.84955,-73.935649
10/12/22,AQS,360610115,3,5.4,ug/m3 LC,23,Intermediate School 143,1,100,88502,Acceptable PM2.5 AQI & Speciation Mass,35620,"New York-Newark-Jersey City, NY-NJ-PA",36,New York,061,New York,40.84955,-73.935649
10/13/22,AQS,360610115,3,4.8,ug/m3 LC,20,Intermediate School 143,1,100,88502,Acceptable PM2.5 AQI & Speciation Mass,35620,"New York-Newark-Jersey City, NY-NJ-PA",36,New York,061,New York,40.84955,-73.935649
10/14/22,AQS,360610115,3,5.5,ug/m3 LC,23,Intermediate School 143,1,100,88502,Acceptable PM2.5 AQI & Speciation Mass,35620,"New York-Newark-Jersey City, NY-NJ-PA",36,New York,061,New York,40.84955,-73.935649
10/15/22,AQS,360610115,3,8.5,ug/m3 LC,35,Intermediate School 143,1,100,88502,Acceptable PM2.5 AQI & Speciation Mass,35620,"New York-Newark-Jersey City, NY-NJ-PA",36,New York,061,New York,40.84955,-73.935649
10/16/22,AQS,360610115,3,6.7,ug/m3 LC,28,Intermediate School 143,1,100,88502,Acceptable PM2.5 AQI & Speciation Mass,35620,"New York-Newark-Jersey City, NY-NJ-PA",36,New York,061,New York,40.84955,-73.935649
10/17/22,AQS,360610115,3,8.9,ug/m3 LC,37,Intermediate School 143,1,100,88502,Acceptable PM2.5 AQI & Speciation Mass,35620,"New York-Newark-Jersey City, NY-NJ-PA",36,New York,061,New York,40.84955,-73.935649
10/18/22,AQS,360610115,3,4.7,ug/m3 LC,20,Intermediate School 143,1,100,88502,Acceptable PM2.5 AQI & Speciation Mass,35620,"New York-Newark-Jersey City, NY-NJ-PA",36,New York,061,New York,40.84955,-73.935649
10/19/22,AQS,360610115,3,4.7,ug/m3 LC,20,Intermediate School 143,1,100,88502,Acceptable PM2.5 AQI & Speciation Mass,35620,"New York-Newark-Jersey City, NY-NJ-PA",36,New York,061,New York,40.84955,-73.935649
10/20/22,AQS,360610115,3,5.6,ug/m3 LC,23,Intermediate School 143,1,100,88502,Acceptable PM2.5 AQI & Speciation Mass,35620,"New York-Newark-Jersey City, NY-NJ-PA",36,New York,061,New York,40.84955,-73.935649
10/21/22,AQS,360610115,3,10.1,ug/m3 LC,42,Intermediate School 143,1,100,88502,Acceptable PM2.5 AQI & Speciation Mass,35620,"New York-Newark-Jersey City, NY-NJ-PA",36,New York,061,New York,40.84955,-73.935649
10/22/22,AQS,360610115,3,13.6,ug/m3 LC,54,Intermediate School 143,1,100,88502,Acceptable PM2.5 AQI & Speciation Mass,35620,"New York-Newark-Jersey City, NY-NJ-PA",36,New York,061,New York,40.84955,-73.935649
10/23/22,AQS,360610115,3,7.5,ug/m3 LC,31,Intermediate School 143,1,100,88502,Acceptable PM2.5 AQI & Speciation Mass,35620,"New York-Newark-Jersey City, NY-NJ-PA",36,New York,061,New York,40.84955,-73.935649
10/24/22,AQS,360610115,3,3.2,ug/m3 LC,13,Intermediate School 143,1,100,88502,Acceptable PM2.5 AQI & Speciation Mass,35620,"New York-Newark-Jersey City, NY-NJ-PA",36,New York,061,New York,40.84955,-73.935649
10/25/22,AQS,360610115,3,5.3,ug/m3 LC,22,Intermediate School 143,1,100,88502,Acceptable PM2.5 AQI & Speciation Mass,35620,"New York-Newark-Jersey City, NY-NJ-PA",36,New York,061,New York,40.84955,-73.935649
10/26/22,AQS,360610115,3,4.8,ug/m3 LC,20,Intermediate School 143,1,100,88502,Acceptable PM2.5 AQI & Speciation Mass,35620,"New York-Newark-Jersey City, NY-NJ-PA",36,New York,061,New York,40.84955,-73.935649
10/27/22,AQS,360610115,3,3.6,ug/m3 LC,15,Intermediate School 143,1,100,88502,Acceptable PM2.5 AQI & Speciation Mass,35620,"New York-Newark-Jersey City, NY-NJ-PA",36,New York,061,New York,40.84955,-73.935649
10/28/22,AQS,360610115,3,4.2,ug/m3 LC,18,Intermediate School 143,1,100,88502,Acceptable PM2.5 AQI & Speciation Mass,35620,"New York-Newark-Jersey City, NY-NJ-PA",36,New York,061,New York,40.84955,-73.935649
10/29/22,AQS,360610115,3,6.8,ug/m3 LC,28,Intermediate School 143,1,100,88502,Acceptable PM2.5 AQI & Speciation Mass,35620,"New York-Newark-Jersey City, NY-NJ-PA",36,New York,061,New York,40.84955,-73.935649
10/30/22,AQS,360610115,3,8.5,ug/m3 LC,35,Intermediate School 143,1,100,88502,Acceptable PM2.5 AQI & Speciation Mass,35620,"New York-Newark-Jersey City, NY-NJ-PA",36,New York,061,New York,40.84955,-73.935649
10/31/22,AQS,360610115,3,10.8,ug/m3 LC,45,Intermediate School 143,1,100,88502,Acceptable PM2.5 AQI & Speciation Mass,35620,"New York-Newark-Jersey City, NY-NJ-PA",36,New York,061,New York,40.84955,-73.935649
11/1/22,AQS,360610115,3,8.3,ug/m3 LC,35,Intermediate School 143,1,100,88502,Acceptable PM2.5 AQI & Speciation Mass,35620,"New York-Newark-Jersey City, NY-NJ-PA",36,New York,061,New York,40.84955,-73.935649
11/2/22,AQS,360610115,3,9.2,ug/m3 LC,38,Intermediate School 143,1,100,88502,Acceptable PM2.5 AQI & Speciation Mass,35620,"New York-Newark-Jersey City, NY-NJ-PA",36,New York,061,New York,40.84955,-73.935649
11/3/22,AQS,360610115,3,10.7,ug/m3 LC,45,Intermediate School 143,1,100,88502,Acceptable PM2.5 AQI & Speciation Mass,35620,"New York-Newark-Jersey City, NY-NJ-PA",36,New York,061,New York,40.84955,-73.935649
11/4/22,AQS,360610115,3,10.8,ug/m3 LC,45,Intermediate School 143,1,100,88502,Acceptable PM2.5 AQI & Speciation Mass,35620,"New York-Newark-Jersey City, NY-NJ-PA",36,New York,061,New York,40.84955,-73.935649
11/5/22,AQS,360610115,3,6.2,ug/m3 LC,26,Intermediate School 143,1,100,88502,Acceptable PM2.5 AQI & Speciation Mass,35620,"New York-Newark-Jersey City, NY-NJ-PA",36,New York,061,New York,40.84955,-73.935649
11/6/22,AQS,360610115,3,7.8,ug/m3 LC,33,Intermediate School 143,1,100,88502,Acceptable PM2.5 AQI & Speciation Mass,35620,"New York-Newark-Jersey City, NY-NJ-PA",36,New York,061,New York,40.84955,-73.935649
11/7/22,AQS,360610115,3,4.2,ug/m3 LC,18,Intermediate School 143,1,100,88502,Acceptable PM2.5 AQI & Speciation Mass,35620,"New York-Newark-Jersey City, NY-NJ-PA",36,New York,061,New York,40.84955,-73.935649
11/8/22,AQS,360610115,3,4.5,ug/m3 LC,19,Intermediate School 143,1,100,88502,Acceptable PM2.5 AQI & Speciation Mass,35620,"New York-Newark-Jersey City, NY-NJ-PA",36,New York,061,New York,40.84955,-73.935649
11/9/22,AQS,360610115,3,2.3,ug/m3 LC,10,Intermediate School 143,1,100,88502,Acceptable PM2.5 AQI & Speciation Mass,35620,"New York-Newark-Jersey City, NY-NJ-PA",36,New York,061,New York,40.84955,-73.935649
11/10/22,AQS,360610115,3,6.9,ug/m3 LC,29,Intermediate School 143,1,100,88502,Acceptable PM2.5 AQI & Speciation Mass,35620,"New York-Newark-Jersey City, NY-NJ-PA",36,New York,061,New York,40.84955,-73.935649
11/11/22,AQS,360610115,3,7.6,ug/m3 LC,32,Intermediate School 143,1,100,88502,Acceptable PM2.5 AQI & Speciation Mass,35620,"New York-Newark-Jersey City, NY-NJ-PA",36,New York,061,New York,40.84955,-73.935649
11/12/22,AQS,360610115,3,7.5,ug/m3 LC,31,Intermediate School 143,1,100,88502,Acceptable PM2.5 AQI & Speciation Mass,35620,"New York-Newark-Jersey City, NY-NJ-PA",36,New York,061,New York,40.84955,-73.935649
11/13/22,AQS,360610115,3,5,ug/m3 LC,21,Intermediate School 143,1,100,88502,Acceptable PM2.5 AQI & Speciation Mass,35620,"New York-Newark-Jersey City, NY-NJ-PA",36,New York,061,New York,40.84955,-73.935649
11/14/22,AQS,360610115,3,6.7,ug/m3 LC,28,Intermediate School 143,1,100,88502,Acceptable PM2.5 AQI & Speciation Mass,35620,"New York-Newark-Jersey City, NY-NJ-PA",36,New York,061,New York,40.84955,-73.935649
11/15/22,AQS,360610115,3,4.5,ug/m3 LC,19,Intermediate School 143,1,100,88502,Acceptable PM2.5 AQI & Speciation Mass,35620,"New York-Newark-Jersey City, NY-NJ-PA",36,New York,061,New York,40.84955,-73.935649
11/16/22,AQS,360610115,3,5.7,ug/m3 LC,24,Intermediate School 143,1,100,88502,Acceptable PM2.5 AQI & Speciation Mass,35620,"New York-Newark-Jersey City, NY-NJ-PA",36,New York,061,New York,40.84955,-73.935649
11/17/22,AQS,360610115,3,8.2,ug/m3 LC,34,Intermediate School 143,1,100,88502,Acceptable PM2.5 AQI & Speciation Mass,35620,"New York-Newark-Jersey City, NY-NJ-PA",36,New York,061,New York,40.84955,-73.935649
11/18/22,AQS,360610115,3,8.4,ug/m3 LC,35,Intermediate School 143,1,100,88502,Acceptable PM2.5 AQI & Speciation Mass,35620,"New York-Newark-Jersey City, NY-NJ-PA",36,New York,061,New York,40.84955,-73.935649
11/19/22,AQS,360610115,3,7,ug/m3 LC,29,Intermediate School 143,1,100,88502,Acceptable PM2.5 AQI & Speciation Mass,35620,"New York-Newark-Jersey City, NY-NJ-PA",36,New York,061,New York,40.84955,-73.935649
11/20/22,AQS,360610115,3,7.2,ug/m3 LC,30,Intermediate School 143,1,100,88502,Acceptable PM2.5 AQI & Speciation Mass,35620,"New York-Newark-Jersey City, NY-NJ-PA",36,New York,061,New York,40.84955,-73.935649
11/21/22,AQS,360610115,3,6.6,ug/m3 LC,28,Intermediate School 143,1,100,88502,Acceptable PM2.5 AQI & Speciation Mass,35620,"New York-Newark-Jersey City, NY-NJ-PA",36,New York,061,New York,40.84955,-73.935649
11/22/22,AQS,360610115,3,10.7,ug/m3 LC,45,Intermediate School 143,1,100,88502,Acceptable PM2.5 AQI & Speciation Mass,35620,"New York-Newark-Jersey City, NY-NJ-PA",36,New York,061,New York,40.84955,-73.935649
11/23/22,AQS,360610115,3,11.8,ug/m3 LC,49,Intermediate School 143,1,100,88502,Acceptable PM2.5 AQI & Speciation Mass,35620,"New York-Newark-Jersey City, NY-NJ-PA",36,New York,061,New York,40.84955,-73.935649
11/24/22,AQS,360610115,3,9,ug/m3 LC,38,Intermediate School 143,1,100,88502,Acceptable PM2.5 AQI & Speciation Mass,35620,"New York-Newark-Jersey City, NY-NJ-PA",36,New York,061,New York,40.84955,-73.935649
11/25/22,AQS,360610115,3,7.5,ug/m3 LC,31,Intermediate School 143,1,100,88502,Acceptable PM2.5 AQI & Speciation Mass,35620,"New York-Newark-Jersey City, NY-NJ-PA",36,New York,061,New York,40.84955,-73.935649
11/26/22,AQS,360610115,3,6.4,ug/m3 LC,27,Intermediate School 143,1,100,88502,Acceptable PM2.5 AQI & Speciation Mass,35620,"New York-Newark-Jersey City, NY-NJ-PA",36,New York,061,New York,40.84955,-73.935649
11/27/22,AQS,360610115,3,9.1,ug/m3 LC,38,Intermediate School 143,1,100,88502,Acceptable PM2.5 AQI & Speciation Mass,35620,"New York-Newark-Jersey City, NY-NJ-PA",36,New York,061,New York,40.84955,-73.935649
11/28/22,AQS,360610115,3,7.5,ug/m3 LC,31,Intermediate School 143,1,100,88502,Acceptable PM2.5 AQI & Speciation Mass,35620,"New York-Newark-Jersey City, NY-NJ-PA",36,New York,061,New York,40.84955,-73.935649
11/29/22,AQS,360610115,3,7.9,ug/m3 LC,33,Intermediate School 143,1,100,88502,Acceptable PM2.5 AQI & Speciation Mass,35620,"New York-Newark-Jersey City, NY-NJ-PA",36,New York,061,New York,40.84955,-73.935649
11/30/22,AQS,360610115,3,6.8,ug/m3 LC,28,Intermediate School 143,1,100,88502,Acceptable PM2.5 AQI & Speciation Mass,35620,"New York-Newark-Jersey City, NY-NJ-PA",36,New York,061,New York,40.84955,-73.935649
12/1/22,AQS,360610115,3,7.5,ug/m3 LC,31,Intermediate School 143,1,100,88502,Acceptable PM2.5 AQI & Speciation Mass,35620,"New York-Newark-Jersey City, NY-NJ-PA",36,New York,061,New York,40.84955,-73.935649
12/2/22,AQS,360610115,3,8,ug/m3 LC,33,Intermediate School 143,1,100,88502,Acceptable PM2.5 AQI & Speciation Mass,35620,"New York-Newark-Jersey City, NY-NJ-PA",36,New York,061,New York,40.84955,-73.935649
12/3/22,AQS,360610115,3,5.3,ug/m3 LC,22,Intermediate School 143,1,100,88502,Acceptable PM2.5 AQI & Speciation Mass,35620,"New York-Newark-Jersey City, NY-NJ-PA",36,New York,061,New York,40.84955,-73.935649
12/4/22,AQS,360610115,3,6.7,ug/m3 LC,28,Intermediate School 143,1,100,88502,Acceptable PM2.5 AQI & Speciation Mass,35620,"New York-Newark-Jersey City, NY-NJ-PA",36,New York,061,New York,40.84955,-73.935649
12/5/22,AQS,360610115,3,12.3,ug/m3 LC,51,Intermediate School 143,1,100,88502,Acceptable PM2.5 AQI & Speciation Mass,35620,"New York-Newark-Jersey City, NY-NJ-PA",36,New York,061,New York,40.84955,-73.935649
12/6/22,AQS,360610115,3,10.6,ug/m3 LC,44,Intermediate School 143,1,100,88502,Acceptable PM2.5 AQI & Speciation Mass,35620,"New York-Newark-Jersey City, NY-NJ-PA",36,New York,061,New York,40.84955,-73.935649
12/7/22,AQS,360610115,3,10,ug/m3 LC,42,Intermediate School 143,1,100,88502,Acceptable PM2.5 AQI & Speciation Mass,35620,"New York-Newark-Jersey City, NY-NJ-PA",36,New York,061,New York,40.84955,-73.935649
12/8/22,AQS,360610115,3,4.8,ug/m3 LC,20,Intermediate School 143,1,100,88502,Acceptable PM2.5 AQI & Speciation Mass,35620,"New York-Newark-Jersey City, NY-NJ-PA",36,New York,061,New York,40.84955,-73.935649
12/9/22,AQS,360610115,3,5.1,ug/m3 LC,21,Intermediate School 143,1,100,88502,Acceptable PM2.5 AQI & Speciation Mass,35620,"New York-Newark-Jersey City, NY-NJ-PA",36,New York,061,New York,40.84955,-73.935649
12/10/22,AQS,360610115,3,6.9,ug/m3 LC,29,Intermediate School 143,1,100,88502,Acceptable PM2.5 AQI & Speciation Mass,35620,"New York-Newark-Jersey City, NY-NJ-PA",36,New York,061,New York,40.84955,-73.935649
12/11/22,AQS,360610115,3,6.3,ug/m3 LC,26,Intermediate School 143,1,100,88502,Acceptable PM2.5 AQI & Speciation Mass,35620,"New York-Newark-Jersey City, NY-NJ-PA",36,New York,061,New York,40.84955,-73.935649
12/12/22,AQS,360610115,3,7.7,ug/m3 LC,32,Intermediate School 143,1,100,88502,Acceptable PM2.5 AQI & Speciation Mass,35620,"New York-Newark-Jersey City, NY-NJ-PA",36,New York,061,New York,40.84955,-73.935649
12/13/22,AQS,360610115,3,8.3,ug/m3 LC,35,Intermediate School 143,1,100,88502,Acceptable PM2.5 AQI & Speciation Mass,35620,"New York-Newark-Jersey City, NY-NJ-PA",36,New York,061,New York,40.84955,-73.935649
12/14/22,AQS,360610115,3,8.1,ug/m3 LC,34,Intermediate School 143,1,100,88502,Acceptable PM2.5 AQI & Speciation Mass,35620,"New York-Newark-Jersey City, NY-NJ-PA",36,New York,061,New York,40.84955,-73.935649
12/15/22,AQS,360610115,3,5.4,ug/m3 LC,23,Intermediate School 143,1,100,88502,Acceptable PM2.5 AQI & Speciation Mass,35620,"New York-Newark-Jersey City, NY-NJ-PA",36,New York,061,New York,40.84955,-73.935649
12/20/22,AQS,360610115,3,10.9,ug/m3 LC,45,Intermediate School 143,1,100,88502,Acceptable PM2.5 AQI & Speciation Mass,35620,"New York-Newark-Jersey City, NY-NJ-PA",36,New York,061,New York,40.84955,-73.935649
12/21/22,AQS,360610115,3,20.7,ug/m3 LC,69,Intermediate School 143,1,100,88502,Acceptable PM2.5 AQI & Speciation Mass,35620,"New York-Newark-Jersey City, NY-NJ-PA",36,New York,061,New York,40.84955,-73.935649
12/22/22,AQS,360610115,3,8.7,ug/m3 LC,36,Intermediate School 143,1,100,88502,Acceptable PM2.5 AQI & Speciation Mass,35620,"New York-Newark-Jersey City, NY-NJ-PA",36,New York,061,New York,40.84955,-73.935649
12/23/22,AQS,360610115,3,6.9,ug/m3 LC,29,Intermediate School 143,1,100,88502,Acceptable PM2.5 AQI & Speciation Mass,35620,"New York-Newark-Jersey City, NY-NJ-PA",36,New York,061,New York,40.84955,-73.935649
12/24/22,AQS,360610115,3,12.2,ug/m3 LC,51,Intermediate School 143,1,100,88502,Acceptable PM2.5 AQI & Speciation Mass,35620,"New York-Newark-Jersey City, NY-NJ-PA",36,New York,061,New York,40.84955,-73.935649
12/25/22,AQS,360610115,3,10.9,ug/m3 LC,45,Intermediate School 143,1,100,88502,Acceptable PM2.5 AQI & Speciation Mass,35620,"New York-Newark-Jersey City, NY-NJ-PA",36,New York,061,New York,40.84955,-73.935649
12/26/22,AQS,360610115,3,12,ug/m3 LC,50,Intermediate School 143,1,100,88502,Acceptable PM2.5 AQI & Speciation Mass,35620,"New York-Newark-Jersey City, NY-NJ-PA",36,New York,061,New York,40.84955,-73.935649
12/27/22,AQS,360610115,3,13.5,ug/m3 LC,54,Intermediate School 143,1,100,88502,Acceptable PM2.5 AQI & Speciation Mass,35620,"New York-Newark-Jersey City, NY-NJ-PA",36,New York,061,New York,40.84955,-73.935649
12/28/22,AQS,360610115,3,14.5,ug/m3 LC,56,Intermediate School 143,1,100,88502,Acceptable PM2.5 AQI & Speciation Mass,35620,"New York-Newark-Jersey City, NY-NJ-PA",36,New York,061,New York,40.84955,-73.935649
12/29/22,AQS,360610115,3,18.9,ug/m3 LC,65,Intermediate School 143,1,100,88502,Acceptable PM2.5 AQI & Speciation Mass,35620,"New York-Newark-Jersey City, NY-NJ-PA",36,New York,061,New York,40.84955,-73.935649
12/30/22,AQS,360610115,3,25.1,ug/m3 LC,78,Intermediate School 143,1,100,88502,Acceptable PM2.5 AQI & Speciation Mass,35620,"New York-Newark-Jersey City, NY-NJ-PA",36,New York,061,New York,40.84955,-73.935649
12/31/22,AQS,360610115,3,14.6,ug/m3 LC,56,Intermediate School 143,1,100,88502,Acceptable PM2.5 AQI & Speciation Mass,35620,"New York-Newark-Jersey City, NY-NJ-PA",36,New York,061,New York,40.84955,-73.935649